pair_id,label,notes
X0099856757,,
X0286104f34,,
X033bf206aa,,
X03608a9e87,,
X06bdadf75e,,
X09f90f2aad,,
X0ce9bbec14,,
X0d12ae162a,,
X20cff438f6,,
X23e765fca6,,
X27cbbce7c9,,
X2948e27e91,,
X2acb06a941,,
X35fe83fb16,,
X3a62e46a27,,
X3c6761ed4f,,
X3e528a56d4,,
X43e4afcc71,,
X4c15c5a04a,,
X5bfbd8619c,,
X6031be40f7,,
X679d98cf36,,
X6e013c6608,,
X71a7c2c5d5,,
X7484d93fd3,,
X75c2597ae8,,
X7617505821,,
X7827c555d3,,
X7de6b6f20a,,
X7eae7d6c8e,,
X827656b6a2,,
X88bb924afe,,
X8bb81ec99a,,
X99d858c4ba,,
X9d9f8f774f,,
Xa5ba1eac34,,
Xa75e9d372a,,
Xad5e1682aa,,
Xafb833c3f4,,
Xb1d7d2fea2,,
Xb51b1c8396,,
Xbc8d53305b,,
Xbcab131865,,
Xbd2f927d20,,
Xbf5f2177b5,,
Xbfac15c9e3,,
Xcdc7c131d6,,
Xd2afcb238d,,
Xd47813bd81,,
Xdb29162543,,
Xe8d1d146b8,,
Xef46dcc9fc,,
Xf3001e3eb4,,
Xf389ec7243,,
Xf9d88e5d24,,
