pair_id,source_a,source_b,raw_name_a,raw_name_b,other_names_a,other_names_b,address_a,address_b,coordinates_a,coordinates_b,distance_m,phone_a,phone_b,website_a,website_b,external_ids_a,external_ids_b,category_a,category_b,url_a,url_b,human_label,human_note
X0099856757,wikidata,osm,Sveti Stefan private beach,Sveti Stefan,,Свети-Стефан | Свети Стефан,,,"42.255129,18.891125","42.257216,18.892766",269,,,,,ext:wikidata=Q65055390,ext:osm=relation/15620090 ext:wikidata=Q65055390,beach,beach,https://www.wikidata.org/wiki/Q65055390,https://www.openstreetmap.org/relation/15620090,,
X0286104f34,wikidata,osm,Kotorska katedrala,Katedrala Svetog Tripuna,St.-Tryphon-Kathedrale | Kotor Cathedral | cattedrale di San Trifone | Собор Святого Трифона | Катедрала Светог Трипуна,St. Tryphon Cathedral | Cathédrale Saint-Tryphon | Кафедральный собор Святого Трифона | Катедрала светог Трипуна | Собор Святого Трифона,,"Pjaca Svetog Tripuna, Kotor","42.424311,18.771417","42.424169,18.771543",19,,,https://kotorskabiskupija.me,,ext:wikidata=Q966429,ext:osm=way/165389709 ext:wikidata=Q966429,religious_site,religious_site,https://www.wikidata.org/wiki/Q966429,https://www.openstreetmap.org/way/165389709,,
X033bf206aa,wikidata,osm,Church of St. Ivan,Sailor Cattaro,Собор Святого Иоанна Крестителя | Kirche Johannes der Täufer (Budva),,,,"42.277500,18.838200","42.277780,18.837899",40,,,,,ext:wikidata=Q11742529,ext:osm=node/6728496687,religious_site,souvenir_shop,https://www.wikidata.org/wiki/Q11742529,https://www.openstreetmap.org/node/6728496687,,
X03608a9e87,wikidata,osm,Kotorska tvrđava,,Festung von Kotor | Fortifications of Kotor | Fortificazioni di Cattaro | Оборонительные сооружения города Котор | Котор (тврђава),,,,"42.424886,18.771043","42.424447,18.771094",49,,,,,ext:wikidata=Q12907852,ext:osm=node/9282711887,monument,atm,https://www.wikidata.org/wiki/Q12907852,https://www.openstreetmap.org/node/9282711887,,
X06bdadf75e,wikidata,osm,Church of Our Lady of Remedy,Crkva Gospe od Zdravlja,Kirche Mariä Hilfe,Cskva Gospa od Zdravlja | Church of Our Lady of Remedy | Iglesia de Nuestra Señora de Los Remedios | Церковь Богоматери Здравоохранения,,,"42.424200,18.773100","42.424271,18.773259",15,,,,,ext:wikidata=Q4981066,ext:osm=way/207434563 ext:wikidata=Q4981066,religious_site,unclassified,https://www.wikidata.org/wiki/Q4981066,https://www.openstreetmap.org/way/207434563,,
X09f90f2aad,wikidata,osm,Mogren,Mogren 1,Плажа Могрен,Mogren | Могрен 1,,,"42.277140,18.832740","42.276986,18.832388",34,,,,,ext:wikidata=Q92158398,ext:osm=way/62263551 ext:wikidata=Q92158398,beach,beach,https://www.wikidata.org/wiki/Q92158398,https://www.openstreetmap.org/way/62263551,,
X0ce9bbec14,wikidata,osm,Naval Heritage Collection,Naval Heritage Collection Museum,Музей морского наследия,,,,"42.437579,18.693834","42.437635,18.693667",15,,,https://portomontenegro.com/ru/village/museum,https://portomontenegro.com/attractions-events/naval-heritage-museum-attraction,ext:wikidata=Q45270231,ext:osm=way/1364470106 ext:wikidata=Q45270231,museum,museum,https://www.wikidata.org/wiki/Q45270231,https://www.openstreetmap.org/way/1364470106,,
X0d12ae162a,wikidata,osm,Kotorska tvrđava,Pier 65,Festung von Kotor | Fortifications of Kotor | Fortificazioni di Cattaro | Оборонительные сооружения города Котор | Котор (тврђава),Gastro Pub,,,"42.424886,18.771043","42.424850,18.770701",28,,,,,ext:wikidata=Q12907852,ext:osm=node/6004839687,monument,bar,https://www.wikidata.org/wiki/Q12907852,https://www.openstreetmap.org/node/6004839687,,
X20cff438f6,wikidata,osm,Church of St. Ivan,Crkva Svete Trojice,Собор Святого Иоанна Крестителя | Kirche Johannes der Täufer (Budva),Church of the Holy Trinity | Iglesia de Santa Trinidad | Église de la Sainte-Trinité | Церковь Святой Троицы | Црква Свете Тројице | Церква Святої Трійці | 圣三一教堂,,,"42.277500,18.838200","42.277380,18.837875",30,,,,,ext:wikidata=Q11742529,ext:osm=way/186817704 ext:wikidata=Q90901563,religious_site,religious_site,https://www.wikidata.org/wiki/Q11742529,https://www.openstreetmap.org/way/186817704,,
X23e765fca6,wikidata,osm,Saint Anne (Kotor),Tina,,Cats of Kotor (souvenir shop) | Которские кошки,,,"42.425229,18.771909","42.425305,18.771917",8,,,,,ext:wikidata=Q136236545 ext:osm=way/305641942,ext:osm=node/4382759293,religious_site,souvenir_shop,https://www.wikidata.org/wiki/Q136236545,https://www.openstreetmap.org/node/4382759293,,
X27cbbce7c9,wikidata,osm,Saint Anne (Kotor),The Harbour Pub,,,,,"42.425229,18.771909","42.425503,18.771805",32,,,,,ext:wikidata=Q136236545 ext:osm=way/305641942,ext:osm=node/4779749723,religious_site,pub,https://www.wikidata.org/wiki/Q136236545,https://www.openstreetmap.org/node/4779749723,,
X2948e27e91,wikidata,osm,Saint Anne (Kotor),Bocalibre,,,,,"42.425229,18.771909","42.425659,18.771814",48,,,,,ext:wikidata=Q136236545 ext:osm=way/305641942,ext:osm=node/6643602586,religious_site,restaurant,https://www.wikidata.org/wiki/Q136236545,https://www.openstreetmap.org/node/6643602586,,
X2acb06a941,wikidata,osm,Kotorska katedrala,Mon Bistro,St.-Tryphon-Kathedrale | Kotor Cathedral | cattedrale di San Trifone | Собор Святого Трифона | Катедрала Светог Трипуна,,,,"42.424311,18.771417","42.424039,18.771516",31,,,https://kotorskabiskupija.me,,ext:wikidata=Q966429,ext:osm=node/11140916307,religious_site,cafe,https://www.wikidata.org/wiki/Q966429,https://www.openstreetmap.org/node/11140916307,,
X35fe83fb16,wikidata,osm,St. Mary Church,Komunalna Policija,Kirche St. Maria | Церковь Святой Марии от реки | Svete Marije Koleđate,,,,"42.425970,18.772000","42.426049,18.771750",22,,,,,ext:wikidata=Q107232433,ext:osm=node/4781767864,religious_site,police,https://www.wikidata.org/wiki/Q107232433,https://www.openstreetmap.org/node/4781767864,,
X3a62e46a27,wikidata,osm,Church of St. Ivan,Euronet,Собор Святого Иоанна Крестителя | Kirche Johannes der Täufer (Budva),,,,"42.277500,18.838200","42.277631,18.837914",28,,,,,ext:wikidata=Q11742529,ext:osm=node/10922238639,religious_site,atm,https://www.wikidata.org/wiki/Q11742529,https://www.openstreetmap.org/node/10922238639,,
X3c6761ed4f,wikidata,osm,City beach (Budva),Rakia & Wine Bar,Stadtstrand Budva,,,Njegoševa 16,"42.277842,18.836754","42.278107,18.837214",48,,,,,ext:wikidata=Q116287103,ext:osm=node/12253427301,beach,bar,https://www.wikidata.org/wiki/Q116287103,https://www.openstreetmap.org/node/12253427301,,
X3e528a56d4,wikidata,osm,City beach (Budva),,Stadtstrand Budva,,,,"42.277842,18.836754","42.277923,18.837305",46,,,,,ext:wikidata=Q116287103,ext:osm=node/13716578979,beach,souvenir_shop,https://www.wikidata.org/wiki/Q116287103,https://www.openstreetmap.org/node/13716578979,,
X43e4afcc71,wikidata,osm,Saint Clare (Kotor),Crkva Svete Klare / Svetog Antuna,,Kirche der Heiligen Klara / des Heiligen Antonius,,"Stari Grad, Kotor","42.425698,18.770249","42.425696,18.770366",10,,,,,ext:wikidata=Q136243191,ext:osm=way/197926360 ext:wikidata=Q136243191,religious_site,religious_site,https://www.wikidata.org/wiki/Q136243191,https://www.openstreetmap.org/way/197926360,,
X4c15c5a04a,wikidata,osm,Crkva sv. Ivana Krstitelja u Budvi,,Собор Святого Иоанна Крестителя (Будва),,,,"42.277361,18.838778","42.277090,18.838679",31,,,,,ext:wikidata=Q65133681,ext:osm=node/5131259521,religious_site,viewpoint,https://www.wikidata.org/wiki/Q65133681,https://www.openstreetmap.org/node/5131259521,,
X5bfbd8619c,wikidata,osm,Saint Anne (Kotor),Montecristo,,,,,"42.425229,18.771909","42.425138,18.771682",21,,,,,ext:wikidata=Q136236545 ext:osm=way/305641942,ext:osm=node/14065955154,religious_site,restaurant,https://www.wikidata.org/wiki/Q136236545,https://www.openstreetmap.org/node/14065955154,,
X6031be40f7,wikidata,osm,Saint Paul (Kotor),La Catedral Pasta Bar,chiesa di San Paolo,,,"Pjaca od zatvora 340, Kotor","42.424288,18.772014","42.424483,18.771683",35,,+38269360707,,,ext:wikidata=Q136243283,ext:osm=node/3102976406,religious_site,restaurant,https://www.wikidata.org/wiki/Q136243283,https://www.openstreetmap.org/node/3102976406,,
X679d98cf36,wikidata,osm,Saint Sava Church,Crkva Svetog Save,Kirche Hl. Sava (Tivat) | Црква Светог Саве у Тивту,Црква Светог Саве,,,"42.432670,18.698280","42.432664,18.698376",8,,,,,ext:wikidata=Q25464652,ext:osm=way/223248486,religious_site,religious_site,https://www.wikidata.org/wiki/Q25464652,https://www.openstreetmap.org/way/223248486,,
X6e013c6608,wikidata,osm,Kotorska katedrala,Giardino,St.-Tryphon-Kathedrale | Kotor Cathedral | cattedrale di San Trifone | Собор Святого Трифона | Катедрала Светог Трипуна,,,,"42.424311,18.771417","42.424730,18.771446",47,,,https://kotorskabiskupija.me,,ext:wikidata=Q966429,ext:osm=node/5039175022,religious_site,restaurant,https://www.wikidata.org/wiki/Q966429,https://www.openstreetmap.org/node/5039175022,,
X71a7c2c5d5,wikidata,osm,Kotorska tvrđava,Cattarissimo,Festung von Kotor | Fortifications of Kotor | Fortificazioni di Cattaro | Оборонительные сооружения города Котор | Котор (тврђава),,,,"42.424886,18.771043","42.424819,18.770574",39,,,,,ext:wikidata=Q12907852,ext:osm=node/8123683666,monument,dessert,https://www.wikidata.org/wiki/Q12907852,https://www.openstreetmap.org/node/8123683666,,
X7484d93fd3,wikidata,osm,Saint Anne (Kotor),Sv. Ana,,St. Anna church | Церква Святої Ани,,"Zanatska ulica, Kotor","42.425229,18.771909","42.425217,18.771857",4,,,,,ext:wikidata=Q136236545 ext:osm=way/305641942,ext:osm=way/305641942 ext:wikidata=Q136236545,religious_site,religious_site,https://www.wikidata.org/wiki/Q136236545,https://www.openstreetmap.org/way/305641942,,
X75c2597ae8,wikidata,osm,City beach (Budva),Ričardova glava,Stadtstrand Budva,Ричардова глава,,,"42.277842,18.836754","42.277850,18.836530",18,,,,,ext:wikidata=Q116287103,ext:osm=way/208143096,beach,beach,https://www.wikidata.org/wiki/Q116287103,https://www.openstreetmap.org/way/208143096,,
X7617505821,wikidata,osm,Sveti Stefan private beach,Sveti Stefan,,Свети-Стефан | Свети Стефан,,,"42.255129,18.891125","42.254728,18.894232",260,,,,,ext:wikidata=Q65055390,ext:osm=relation/15619249,beach,beach,https://www.wikidata.org/wiki/Q65055390,https://www.openstreetmap.org/relation/15619249,,
X7827c555d3,wikidata,osm,Kotorska tvrđava,Cesarica,Festung von Kotor | Fortifications of Kotor | Fortificazioni di Cattaro | Оборонительные сооружения города Котор | Котор (тврђава),,,"Pjaca Sv. Luke, Kotor","42.424886,18.771043","42.425323,18.770917",50,,+38269049733,,,ext:wikidata=Q12907852,ext:osm=node/3103056422,monument,restaurant,https://www.wikidata.org/wiki/Q12907852,https://www.openstreetmap.org/node/3103056422,,
X7de6b6f20a,wikidata,osm,City beach (Budva),Vrata od Murava,Stadtstrand Budva,Murava Gate | Porte de Murav | Врата од Мурава,,,"42.277842,18.836754","42.277895,18.837304",46,,,,https://cultureroutes-budva.me/vrata-od-murava,ext:wikidata=Q116287103,ext:osm=node/7080628840,beach,unclassified,https://www.wikidata.org/wiki/Q116287103,https://www.openstreetmap.org/node/7080628840,,
X7eae7d6c8e,wikidata,osm,Manastir Podmaine,Hram Uspenja Presvete Bogorodice,Podmaine Monastery | Монастырь Подмаине | Манастир Подмаине,Храм Успења Пресвете Богородице,,,"42.297944,18.844556","42.298022,18.844687",14,,,https://manastirpodmaine.rs,,ext:wikidata=Q4301501,ext:osm=way/161886546,religious_site,religious_site,https://www.wikidata.org/wiki/Q4301501,https://www.openstreetmap.org/way/161886546,,
X827656b6a2,wikidata,osm,St Elijah Church,Sveti Ilija,,,,,"42.436046,18.763651","42.436046,18.763681",2,,,,,ext:wikidata=Q131085324,ext:osm=way/207477335,religious_site,religious_site,https://www.wikidata.org/wiki/Q131085324,https://www.openstreetmap.org/way/207477335,,
X88bb924afe,wikidata,osm,Mogren,Mogren 2,Плажа Могрен,Могрен 2,,,"42.277140,18.832740","42.276173,18.830635",204,,,,,ext:wikidata=Q92158398,ext:osm=way/62263552,beach,beach,https://www.wikidata.org/wiki/Q92158398,https://www.openstreetmap.org/way/62263552,,
X8bb81ec99a,wikidata,osm,Saint Paul (Kotor),Crkva Svetog Pavla,chiesa di San Paolo,Church of St Paul | Iglesia de San Pablo,,,"42.424288,18.772014","42.424283,18.771967",4,,,,https://muzejikotor.me/naslovna/crkva-svetog-pavla,ext:wikidata=Q136243283,ext:osm=way/197926383 ext:wikidata=Q136243283,religious_site,religious_site,https://www.wikidata.org/wiki/Q136243283,https://www.openstreetmap.org/way/197926383,,
X99d858c4ba,wikidata,osm,St. Mary Church,Svete Marije Koleđate,Kirche St. Maria | Церковь Святой Марии от реки | Svete Marije Koleđate,Santa María de la Salud | Église Sainte-Marie | Церковь Святой Марии от реки | Свете Марије Колеђате | Церква святої Марії біля річки | Svete Ozane,,,"42.425970,18.772000","42.425957,18.771999",1,,,,,ext:wikidata=Q107232433,ext:osm=way/165389719 ext:wikidata=Q107232433,religious_site,religious_site,https://www.wikidata.org/wiki/Q107232433,https://www.openstreetmap.org/way/165389719,,
X9d9f8f774f,wikidata,osm,Budva Dancer,Devojka,Балерина,Tänzerin | Dancing Girl Statue | Tancerka | Танцующая девочка | Девојка,,,"42.277543,18.835159","42.277543,18.835159",0,,,,,ext:wikidata=Q131345135,ext:osm=node/777921148,monument,unclassified,https://www.wikidata.org/wiki/Q131345135,https://www.openstreetmap.org/node/777921148,,
Xa5ba1eac34,wikidata,osm,St. Mary Church,Market Step 1,Kirche St. Maria | Церковь Святой Марии от реки | Svete Marije Koleđate,,,,"42.425970,18.772000","42.425658,18.771923",35,,,,,ext:wikidata=Q107232433,ext:osm=node/4779749722,religious_site,unclassified,https://www.wikidata.org/wiki/Q107232433,https://www.openstreetmap.org/node/4779749722,,
Xa75e9d372a,wikidata,osm,Kotorska katedrala,,St.-Tryphon-Kathedrale | Kotor Cathedral | cattedrale di San Trifone | Собор Святого Трифона | Катедрала Светог Трипуна,,,,"42.424311,18.771417","42.424447,18.771094",31,,,https://kotorskabiskupija.me,,ext:wikidata=Q966429,ext:osm=node/9282711887,religious_site,atm,https://www.wikidata.org/wiki/Q966429,https://www.openstreetmap.org/node/9282711887,,
Xad5e1682aa,wikidata,osm,St. Michael church in Kotor,Kino Boka,,"Kino ""Boka""",,Pjaca od Kina,"42.425072,18.770697","42.425001,18.770427",24,,,,,ext:wikidata=Q136243274,ext:osm=node/4552627389,religious_site,cinema,https://www.wikidata.org/wiki/Q136243274,https://www.openstreetmap.org/node/4552627389,,
Xafb833c3f4,wikidata,osm | wikidata,Kraljičina plaža,Краљичина плажа | Queen's beach,Kraljičina | Краљичина плажа,Queen's beach | Plaja reginei,,,"42.263400,18.892330","42.263327,18.892348 | 42.263448,18.892461",8,,,,,ext:wikidata=Q12754203,ext:osm=way/156809757 | ext:wikidata=Q130272053 ext:osm=way/156809757,beach,beach | beach,https://www.wikidata.org/wiki/Q12754203,https://www.openstreetmap.org/way/156809757 | https://www.wikidata.org/wiki/Q130272053,,
Xb1d7d2fea2,wikidata,osm,Vrmac Fortress,Tvrđava Vrmac,Werk Vermac | Крепость Врмац | Тврђава Врмац,Werk Vermac | Fort Vrmac,,,"42.421053,18.749236","42.421057,18.749280",4,,,,,ext:wikidata=Q19828108,ext:osm=way/170847930 ext:wikidata=Q19828108,historic_site,historic_site,https://www.wikidata.org/wiki/Q19828108,https://www.openstreetmap.org/way/170847930,,
Xb51b1c8396,wikidata,osm,Manastir Praskvica,Svetog Nikole,Kloster Praskvica | Praskvica Monastery | Samostan Praskvica | Манастир Прасквица,,,,"42.262500,18.897500","42.262350,18.897524",17,,,,,ext:wikidata=Q13436034,ext:osm=way/1167605107,religious_site,religious_site,https://www.wikidata.org/wiki/Q13436034,https://www.openstreetmap.org/way/1167605107,,
Xbc8d53305b,wikidata,osm,Naval Heritage Collection,Naval Heritage Museum,Музей морского наследия,,,,"42.437579,18.693834","42.437338,18.693370",47,,,https://portomontenegro.com/ru/village/museum,,ext:wikidata=Q45270231,ext:osm=node/6420988511,museum,unclassified,https://www.wikidata.org/wiki/Q45270231,https://www.openstreetmap.org/node/6420988511,,
Xbcab131865,wikidata,osm,Pima Palace,Palata Pima,Pima-Palast,The Pima Palace | Дворец Пима | Палац Піма,,"Trg od Brašna, Kotor","42.424230,18.770835","42.424283,18.770776",8,,,,,ext:wikidata=Q136243291,ext:osm=way/197926362 ext:wikidata=Q136243291,historic_site,historic_site,https://www.wikidata.org/wiki/Q136243291,https://www.openstreetmap.org/way/197926362,,
Xbd2f927d20,wikidata,osm,Saint Anne (Kotor),Letrika,,Летрика,,,"42.425229,18.771909","42.425184,18.771621",24,,,,,ext:wikidata=Q136236545 ext:osm=way/305641942,ext:osm=node/4313087190,religious_site,bar,https://www.wikidata.org/wiki/Q136236545,https://www.openstreetmap.org/node/4313087190,,
Xbf5f2177b5,wikidata,osm,Kotorska tvrđava,.,Festung von Kotor | Fortifications of Kotor | Fortificazioni di Cattaro | Оборонительные сооружения города Котор | Котор (тврђава),,,,"42.424886,18.771043","42.424572,18.771156",36,,,,,ext:wikidata=Q12907852,ext:osm=node/11085459441,monument,souvenir_shop,https://www.wikidata.org/wiki/Q12907852,https://www.openstreetmap.org/node/11085459441,,
Xbfac15c9e3,wikidata,osm,Pima Palace,,Pima-Palast,,,,"42.424230,18.770835","42.424447,18.771094",32,,,,,ext:wikidata=Q136243291,ext:osm=node/9282711887,historic_site,atm,https://www.wikidata.org/wiki/Q136243291,https://www.openstreetmap.org/node/9282711887,,
Xcdc7c131d6,wikidata,osm,Church of St. Ivan,Crkva svetog Ivana Krstitelja,Собор Святого Иоанна Крестителя | Kirche Johannes der Täufer (Budva),St. John the Baptist Church | Église Saint-Jean-Baptiste | Собор Святого Иоанна Крестителя | Црква светог Јована Крститеља | Crkva svetog Jovana Krstitelja,,"Starogradski trg, Budva","42.277500,18.838200","42.277437,18.838232",7,,,,,ext:wikidata=Q11742529,ext:osm=way/186817702 ext:wikidata=Q11742529,religious_site,religious_site,https://www.wikidata.org/wiki/Q11742529,https://www.openstreetmap.org/way/186817702,,
Xd2afcb238d,wikidata,osm,Kotorska tvrđava,Ombra,Festung von Kotor | Fortifications of Kotor | Fortificazioni di Cattaro | Оборонительные сооружения города Котор | Котор (тврђава),,,,"42.424886,18.771043","42.425055,18.770813",27,,,,,ext:wikidata=Q12907852,ext:osm=node/3102976412,monument,cafe,https://www.wikidata.org/wiki/Q12907852,https://www.openstreetmap.org/node/3102976412,,
Xd47813bd81,wikidata,osm,Crvena glavica,"Пляж ""Црвена Главица""",Crvena glavica (Strand),"FKK-Strand ""Tsrwena Glawitza"" | ""Crvena Glavica"" nudist beach | Црвена Главица | Црвена Главіца",,,"42.251953,18.896678","42.252031,18.896390",25,,,,,ext:wikidata=Q116290165,ext:osm=way/252357862,beach,beach,https://www.wikidata.org/wiki/Q116290165,https://www.openstreetmap.org/way/252357862,,
Xdb29162543,wikidata,osm,Church of St. Ivan,Pera,Собор Святого Иоанна Крестителя | Kirche Johannes der Täufer (Budva),,,,"42.277500,18.838200","42.277768,18.838184",30,,,,,ext:wikidata=Q11742529,ext:osm=node/13707379919,religious_site,fast_food,https://www.wikidata.org/wiki/Q11742529,https://www.openstreetmap.org/node/13707379919,,
Xe8d1d146b8,wikidata,osm,St. Michael church in Kotor,Karampna,,,,,"42.425072,18.770697","42.425087,18.770999",25,,,,,ext:wikidata=Q136243274,ext:osm=node/6491319655,religious_site,restaurant,https://www.wikidata.org/wiki/Q136243274,https://www.openstreetmap.org/node/6491319655,,
Xef46dcc9fc,wikidata,osm,Queen's beach,Краљичина плажа,,Queen's beach | Plaja reginei,,,"42.263448,18.892461","42.263327,18.892348",16,,,,,ext:wikidata=Q130272053 ext:osm=way/156809757,ext:osm=way/156809757,beach,beach,https://www.wikidata.org/wiki/Q130272053,https://www.openstreetmap.org/way/156809757,,
Xf3001e3eb4,wikidata,osm,Slovenska Beach,Slovenska plaža,Slovenska Plaža,Славацкі пляж | Strand Slovenska plaža | Slovenska Beach | Словацкий пляж | Словенска плажа,,,"42.284812,18.846325","42.284259,18.847935",146,,,,,ext:wikidata=Q116287499,ext:osm=way/164690010 ext:wikidata=Q116287499,beach,beach,https://www.wikidata.org/wiki/Q116287499,https://www.openstreetmap.org/way/164690010,,
Xf389ec7243,wikidata,osm,Saint Anne (Kotor),Market Step 1,,,,,"42.425229,18.771909","42.425658,18.771923",48,,,,,ext:wikidata=Q136236545 ext:osm=way/305641942,ext:osm=node/4779749722,religious_site,unclassified,https://www.wikidata.org/wiki/Q136236545,https://www.openstreetmap.org/node/4779749722,,
Xf9d88e5d24,wikidata,osm,Pima Palace,The Square Pub,Pima-Palast,,,"Pjaca Sv. Tripuna, Kotor","42.424230,18.770835","42.424134,18.770917",13,,,,,ext:wikidata=Q136243291,ext:osm=node/4414393691,historic_site,restaurant,https://www.wikidata.org/wiki/Q136243291,https://www.openstreetmap.org/node/4414393691,,
