pair_id,group,decision,rule,candidate_reason,id_link_direction,independent_support,distance_m,name_similarity,signals,a_source,a_id,a_name,a_address,a_phone,a_website,a_ids,a_category,b_records,b_names,b_addresses,b_phones,b_websites,b_ids,b_categories
Xcdc7c131d6,match:explicit_id_only,MATCH,shared explicit identifier,geo:300m identifier:ext:wikidata,osm_wikidata_tag_only,,7,1.0,"{""phone"": ""UNKNOWN"", ""domain"": ""UNKNOWN"", ""address"": ""UNKNOWN"", ""external_id"": ""SUPPORTS_MATCH""}",wikidata,Q11742529,Church of St. Ivan,,,,ext:wikidata=Q11742529,religious_site,osm:way/186817702,Crkva svetog Ivana Krstitelja,"Starogradski trg, Budva",,,ext:osm=way/186817702 ext:wikidata=Q11742529,religious_site
Xb1d7d2fea2,match:explicit_id_only,MATCH,shared explicit identifier,geo:300m identifier:ext:wikidata,osm_wikidata_tag_only,,4,1.0,"{""phone"": ""UNKNOWN"", ""domain"": ""UNKNOWN"", ""address"": ""UNKNOWN"", ""external_id"": ""SUPPORTS_MATCH""}",wikidata,Q19828108,Vrmac Fortress,,,,ext:wikidata=Q19828108,historic_site,osm:way/170847930,Tvrđava Vrmac,,,,ext:osm=way/170847930 ext:wikidata=Q19828108,historic_site
Xf3001e3eb4,match:explicit_id_only,MATCH,shared explicit identifier,geo:300m identifier:ext:wikidata,osm_wikidata_tag_only,,146,1.0,"{""phone"": ""UNKNOWN"", ""domain"": ""UNKNOWN"", ""address"": ""UNKNOWN"", ""external_id"": ""SUPPORTS_MATCH""}",wikidata,Q116287499,Slovenska Beach,,,,ext:wikidata=Q116287499,beach,osm:way/164690010,Slovenska plaža,,,,ext:osm=way/164690010 ext:wikidata=Q116287499,beach
X99d858c4ba,match:explicit_id_only,MATCH,shared explicit identifier,geo:300m identifier:ext:wikidata,osm_wikidata_tag_only,,1,1.0,"{""phone"": ""UNKNOWN"", ""domain"": ""UNKNOWN"", ""address"": ""UNKNOWN"", ""external_id"": ""SUPPORTS_MATCH""}",wikidata,Q107232433,St. Mary Church,,,,ext:wikidata=Q107232433,religious_site,osm:way/165389719,Svete Marije Koleđate,,,,ext:osm=way/165389719 ext:wikidata=Q107232433,religious_site
X06bdadf75e,match:explicit_id_only,MATCH,shared explicit identifier,geo:300m identifier:ext:wikidata,osm_wikidata_tag_only,,15,1.0,"{""phone"": ""UNKNOWN"", ""domain"": ""UNKNOWN"", ""address"": ""UNKNOWN"", ""external_id"": ""SUPPORTS_MATCH""}",wikidata,Q4981066,Church of Our Lady of Remedy,,,,ext:wikidata=Q4981066,religious_site,osm:way/207434563,Crkva Gospe od Zdravlja,,,,ext:osm=way/207434563 ext:wikidata=Q4981066,unclassified
X8bb81ec99a,match:explicit_id_only,MATCH,shared explicit identifier,geo:300m identifier:ext:wikidata,osm_wikidata_tag_only,,4,0.5,"{""phone"": ""UNKNOWN"", ""domain"": ""UNKNOWN"", ""address"": ""UNKNOWN"", ""external_id"": ""SUPPORTS_MATCH""}",wikidata,Q136243283,Saint Paul (Kotor),,,,ext:wikidata=Q136243283,religious_site,osm:way/197926383,Crkva Svetog Pavla,,,https://muzejikotor.me/naslovna/crkva-svetog-pavla,ext:osm=way/197926383 ext:wikidata=Q136243283,religious_site
X09f90f2aad,match:explicit_id_only,MATCH,shared explicit identifier,geo:300m identifier:ext:wikidata,osm_wikidata_tag_only,,34,1.0,"{""phone"": ""UNKNOWN"", ""domain"": ""UNKNOWN"", ""address"": ""UNKNOWN"", ""external_id"": ""SUPPORTS_MATCH""}",wikidata,Q92158398,Mogren,,,,ext:wikidata=Q92158398,beach,osm:way/62263551,Mogren 1,,,,ext:osm=way/62263551 ext:wikidata=Q92158398,beach
Xef46dcc9fc,match:explicit_id_only,MATCH,shared explicit identifier,geo:300m identifier:ext:osm,wikidata_osm_property_only,,16,1.0,"{""phone"": ""UNKNOWN"", ""domain"": ""UNKNOWN"", ""address"": ""UNKNOWN"", ""external_id"": ""SUPPORTS_MATCH""}",wikidata,Q130272053,Queen's beach,,,,ext:wikidata=Q130272053 ext:osm=way/156809757,beach,osm:way/156809757,Краљичина плажа,,,,ext:osm=way/156809757,beach
Xbcab131865,match:explicit_id_only,MATCH,shared explicit identifier,geo:300m identifier:ext:wikidata,osm_wikidata_tag_only,,8,1.0,"{""phone"": ""UNKNOWN"", ""domain"": ""UNKNOWN"", ""address"": ""UNKNOWN"", ""external_id"": ""SUPPORTS_MATCH""}",wikidata,Q136243291,Pima Palace,,,,ext:wikidata=Q136243291,historic_site,osm:way/197926362,Palata Pima,"Trg od Brašna, Kotor",,,ext:osm=way/197926362 ext:wikidata=Q136243291,historic_site
X0099856757,match:explicit_id_only,MATCH,shared explicit identifier,geo:300m identifier:ext:wikidata,osm_wikidata_tag_only,,269,0.8,"{""phone"": ""UNKNOWN"", ""domain"": ""UNKNOWN"", ""address"": ""UNKNOWN"", ""external_id"": ""SUPPORTS_MATCH""}",wikidata,Q65055390,Sveti Stefan private beach,,,,ext:wikidata=Q65055390,beach,osm:relation/15620090,Sveti Stefan,,,,ext:osm=relation/15620090 ext:wikidata=Q65055390,beach
X0286104f34,match:explicit_id_only,MATCH,shared explicit identifier,geo:300m identifier:ext:wikidata,osm_wikidata_tag_only,,19,1.0,"{""phone"": ""UNKNOWN"", ""domain"": ""UNKNOWN"", ""address"": ""UNKNOWN"", ""external_id"": ""SUPPORTS_MATCH""}",wikidata,Q966429,Kotorska katedrala,,,https://kotorskabiskupija.me,ext:wikidata=Q966429,religious_site,osm:way/165389709,Katedrala Svetog Tripuna,"Pjaca Svetog Tripuna, Kotor",,,ext:osm=way/165389709 ext:wikidata=Q966429,religious_site
X0ce9bbec14,match:explicit_id_plus_independent,MATCH,shared explicit identifier,geo:300m identifier:domain identifier:ext:wikidata,osm_wikidata_tag_only,domain,15,1.0,"{""phone"": ""UNKNOWN"", ""domain"": ""SUPPORTS_MATCH"", ""address"": ""UNKNOWN"", ""external_id"": ""SUPPORTS_MATCH""}",wikidata,Q45270231,Naval Heritage Collection,,,https://portomontenegro.com/ru/village/museum,ext:wikidata=Q45270231,museum,osm:way/1364470106,Naval Heritage Collection Museum,,,https://portomontenegro.com/attractions-events/naval-heritage-museum-attraction,ext:osm=way/1364470106 ext:wikidata=Q45270231,museum
Xbc8d53305b,ambiguous:multiple_candidates,AMBIGUOUS,"similar name nearby, not enough evidence",geo:300m,,,47,0.8,"{""phone"": ""UNKNOWN"", ""domain"": ""UNKNOWN"", ""address"": ""UNKNOWN"", ""external_id"": ""UNKNOWN""}",wikidata,Q45270231,Naval Heritage Collection,,,https://portomontenegro.com/ru/village/museum,ext:wikidata=Q45270231,museum,osm:node/6420988511,Naval Heritage Museum,,,,ext:osm=node/6420988511,unclassified
X20cff438f6,ambiguous:multiple_candidates,AMBIGUOUS,"same spot, same kind, different names (translation?)",geo:300m,,,30,0.25,"{""phone"": ""UNKNOWN"", ""domain"": ""UNKNOWN"", ""address"": ""UNKNOWN"", ""external_id"": ""UNKNOWN""}",wikidata,Q11742529,Church of St. Ivan,,,,ext:wikidata=Q11742529,religious_site,osm:way/186817704,Crkva Svete Trojice,,,,ext:osm=way/186817704 ext:wikidata=Q90901563,religious_site
X7617505821,ambiguous:multiple_candidates,AMBIGUOUS,"similar name nearby, not enough evidence",geo:300m,,,260,0.8,"{""phone"": ""UNKNOWN"", ""domain"": ""UNKNOWN"", ""address"": ""UNKNOWN"", ""external_id"": ""UNKNOWN""}",wikidata,Q65055390,Sveti Stefan private beach,,,,ext:wikidata=Q65055390,beach,osm:relation/15619249,Sveti Stefan,,,,ext:osm=relation/15619249,beach
X88bb924afe,ambiguous:multiple_candidates,AMBIGUOUS,"similar name nearby, not enough evidence",geo:300m,,,204,0.923,"{""phone"": ""UNKNOWN"", ""domain"": ""UNKNOWN"", ""address"": ""UNKNOWN"", ""external_id"": ""UNKNOWN""}",wikidata,Q92158398,Mogren,,,,ext:wikidata=Q92158398,beach,osm:way/62263552,Mogren 2,,,,ext:osm=way/62263552,beach
Xd47813bd81,ambiguous:name_geo_only,AMBIGUOUS,"similar name nearby; no positive identity evidence (a missing contact is unknown, not support)",geo:300m,,,25,1.0,"{""phone"": ""UNKNOWN"", ""domain"": ""UNKNOWN"", ""address"": ""UNKNOWN"", ""external_id"": ""UNKNOWN""}",wikidata,Q116290165,Crvena glavica,,,,ext:wikidata=Q116290165,beach,osm:way/252357862,"Пляж ""Црвена Главица""",,,,ext:osm=way/252357862,beach
X827656b6a2,ambiguous:name_geo_only,AMBIGUOUS,"same spot, same kind, different names (translation?)",geo:300m,,,2,0.0,"{""phone"": ""UNKNOWN"", ""domain"": ""UNKNOWN"", ""address"": ""UNKNOWN"", ""external_id"": ""UNKNOWN""}",wikidata,Q131085324,St Elijah Church,,,,ext:wikidata=Q131085324,religious_site,osm:way/207477335,Sveti Ilija,,,,ext:osm=way/207477335,religious_site
X75c2597ae8,ambiguous:name_geo_only,AMBIGUOUS,"same spot, same kind, different names (translation?)",geo:300m,,,18,0.0,"{""phone"": ""UNKNOWN"", ""domain"": ""UNKNOWN"", ""address"": ""UNKNOWN"", ""external_id"": ""UNKNOWN""}",wikidata,Q116287103,City beach (Budva),,,,ext:wikidata=Q116287103,beach,osm:way/208143096,Ričardova glava,,,,ext:osm=way/208143096,beach
Xb51b1c8396,ambiguous:name_geo_only,AMBIGUOUS,"same spot, same kind, different names (translation?)",geo:300m,,,17,0.0,"{""phone"": ""UNKNOWN"", ""domain"": ""UNKNOWN"", ""address"": ""UNKNOWN"", ""external_id"": ""UNKNOWN""}",wikidata,Q13436034,Manastir Praskvica,,,,ext:wikidata=Q13436034,religious_site,osm:way/1167605107,Svetog Nikole,,,,ext:osm=way/1167605107,religious_site
X679d98cf36,ambiguous:name_geo_only,AMBIGUOUS,"similar name nearby; no positive identity evidence (a missing contact is unknown, not support)",geo:300m,,,8,0.857,"{""phone"": ""UNKNOWN"", ""domain"": ""UNKNOWN"", ""address"": ""UNKNOWN"", ""external_id"": ""UNKNOWN""}",wikidata,Q25464652,Saint Sava Church,,,,ext:wikidata=Q25464652,religious_site,osm:way/223248486,Crkva Svetog Save,,,,ext:osm=way/223248486,religious_site
Xafb833c3f4,ambiguous:name_geo_only,AMBIGUOUS,"similar name nearby; no positive identity evidence (a missing contact is unknown, not support)",geo:300m,,,8,1.0,"{""phone"": ""UNKNOWN"", ""domain"": ""UNKNOWN"", ""address"": ""UNKNOWN"", ""external_id"": ""UNKNOWN""}",wikidata,Q12754203,Kraljičina plaža,,,,ext:wikidata=Q12754203,beach,osm:way/156809757 | wikidata:Q130272053,Краљичина плажа | Queen's beach,,,,ext:osm=way/156809757 | ext:wikidata=Q130272053 ext:osm=way/156809757,beach | beach
X7eae7d6c8e,ambiguous:name_geo_only,AMBIGUOUS,"same spot, same kind, different names (translation?)",geo:300m,,,14,0.0,"{""phone"": ""UNKNOWN"", ""domain"": ""UNKNOWN"", ""address"": ""UNKNOWN"", ""external_id"": ""UNKNOWN""}",wikidata,Q4301501,Manastir Podmaine,,,https://manastirpodmaine.rs,ext:wikidata=Q4301501,religious_site,osm:way/161886546,Hram Uspenja Presvete Bogorodice,,,,ext:osm=way/161886546,religious_site
X43e4afcc71,ambiguous:other,AMBIGUOUS,shared id but the records contradict each other,geo:300m identifier:ext:wikidata,osm_wikidata_tag_only,,10,0.0,"{""phone"": ""UNKNOWN"", ""domain"": ""UNKNOWN"", ""address"": ""UNKNOWN"", ""external_id"": ""SUPPORTS_MATCH""}",wikidata,Q136243191,Saint Clare (Kotor),,,,ext:wikidata=Q136243191,religious_site,osm:way/197926360,Crkva Svete Klare / Svetog Antuna,"Stari Grad, Kotor",,,ext:osm=way/197926360 ext:wikidata=Q136243191,religious_site
X7484d93fd3,ambiguous:other,AMBIGUOUS,shared id but the records contradict each other,geo:300m identifier:ext:osm identifier:ext:wikidata,both_directions,,4,0.0,"{""phone"": ""UNKNOWN"", ""domain"": ""UNKNOWN"", ""address"": ""UNKNOWN"", ""external_id"": ""SUPPORTS_MATCH""}",wikidata,Q136236545,Saint Anne (Kotor),,,,ext:wikidata=Q136236545 ext:osm=way/305641942,religious_site,osm:way/305641942,Sv. Ana,"Zanatska ulica, Kotor",,,ext:osm=way/305641942 ext:wikidata=Q136236545,religious_site
X2acb06a941,no_match_difficult:difficult,NO_MATCH,different kind of business,geo:300m,,,31,0.0,"{""phone"": ""UNKNOWN"", ""domain"": ""UNKNOWN"", ""address"": ""UNKNOWN"", ""external_id"": ""UNKNOWN""}",wikidata,Q966429,Kotorska katedrala,,,https://kotorskabiskupija.me,ext:wikidata=Q966429,religious_site,osm:node/11140916307,Mon Bistro,,,,ext:osm=node/11140916307,cafe
Xbf5f2177b5,no_match_difficult:difficult,NO_MATCH,different kind of business,geo:300m,,,36,0.0,"{""phone"": ""UNKNOWN"", ""domain"": ""UNKNOWN"", ""address"": ""UNKNOWN"", ""external_id"": ""UNKNOWN""}",wikidata,Q12907852,Kotorska tvrđava,,,,ext:wikidata=Q12907852,monument,osm:node/11085459441,.,,,,ext:osm=node/11085459441,souvenir_shop
Xdb29162543,no_match_difficult:difficult,NO_MATCH,different kind of business,geo:300m,,,30,0.0,"{""phone"": ""UNKNOWN"", ""domain"": ""UNKNOWN"", ""address"": ""UNKNOWN"", ""external_id"": ""UNKNOWN""}",wikidata,Q11742529,Church of St. Ivan,,,,ext:wikidata=Q11742529,religious_site,osm:node/13707379919,Pera,,,,ext:osm=node/13707379919,fast_food
X3a62e46a27,no_match_difficult:difficult,NO_MATCH,different kind of business,geo:300m,,,28,0.0,"{""phone"": ""UNKNOWN"", ""domain"": ""UNKNOWN"", ""address"": ""UNKNOWN"", ""external_id"": ""UNKNOWN""}",wikidata,Q11742529,Church of St. Ivan,,,,ext:wikidata=Q11742529,religious_site,osm:node/10922238639,Euronet,,,,ext:osm=node/10922238639,atm
Xbd2f927d20,no_match_difficult:difficult,NO_MATCH,different kind of business,geo:300m,,,24,0.0,"{""phone"": ""UNKNOWN"", ""domain"": ""UNKNOWN"", ""address"": ""UNKNOWN"", ""external_id"": ""UNKNOWN""}",wikidata,Q136236545,Saint Anne (Kotor),,,,ext:wikidata=Q136236545 ext:osm=way/305641942,religious_site,osm:node/4313087190,Letrika,,,,ext:osm=node/4313087190,bar
X35fe83fb16,no_match_difficult:difficult,NO_MATCH,different kind of business,geo:300m,,,22,0.0,"{""phone"": ""UNKNOWN"", ""domain"": ""UNKNOWN"", ""address"": ""UNKNOWN"", ""external_id"": ""UNKNOWN""}",wikidata,Q107232433,St. Mary Church,,,,ext:wikidata=Q107232433,religious_site,osm:node/4781767864,Komunalna Policija,,,,ext:osm=node/4781767864,police
X27cbbce7c9,no_match_difficult:difficult,NO_MATCH,different kind of business,geo:300m,,,32,0.0,"{""phone"": ""UNKNOWN"", ""domain"": ""UNKNOWN"", ""address"": ""UNKNOWN"", ""external_id"": ""UNKNOWN""}",wikidata,Q136236545,Saint Anne (Kotor),,,,ext:wikidata=Q136236545 ext:osm=way/305641942,religious_site,osm:node/4779749723,The Harbour Pub,,,,ext:osm=node/4779749723,pub
Xf9d88e5d24,no_match_difficult:difficult,NO_MATCH,different kind of business,geo:300m,,,13,0.0,"{""phone"": ""UNKNOWN"", ""domain"": ""UNKNOWN"", ""address"": ""UNKNOWN"", ""external_id"": ""UNKNOWN""}",wikidata,Q136243291,Pima Palace,,,,ext:wikidata=Q136243291,historic_site,osm:node/4414393691,The Square Pub,"Pjaca Sv. Tripuna, Kotor",,,ext:osm=node/4414393691,restaurant
X7de6b6f20a,no_match_difficult:difficult,NO_MATCH,,geo:300m,,,46,0.0,"{""phone"": ""UNKNOWN"", ""domain"": ""UNKNOWN"", ""address"": ""UNKNOWN"", ""external_id"": ""UNKNOWN""}",wikidata,Q116287103,City beach (Budva),,,,ext:wikidata=Q116287103,beach,osm:node/7080628840,Vrata od Murava,,,https://cultureroutes-budva.me/vrata-od-murava,ext:osm=node/7080628840,unclassified
Xd2afcb238d,no_match_difficult:difficult,NO_MATCH,different kind of business,geo:300m,,,27,0.0,"{""phone"": ""UNKNOWN"", ""domain"": ""UNKNOWN"", ""address"": ""UNKNOWN"", ""external_id"": ""UNKNOWN""}",wikidata,Q12907852,Kotorska tvrđava,,,,ext:wikidata=Q12907852,monument,osm:node/3102976412,Ombra,,,,ext:osm=node/3102976412,cafe
Xbfac15c9e3,no_match_difficult:difficult,NO_MATCH,different kind of business,geo:300m,,,32,0.0,"{""phone"": ""UNKNOWN"", ""domain"": ""UNKNOWN"", ""address"": ""UNKNOWN"", ""external_id"": ""UNKNOWN""}",wikidata,Q136243291,Pima Palace,,,,ext:wikidata=Q136243291,historic_site,osm:node/9282711887,,,,,ext:osm=node/9282711887,atm
Xa5ba1eac34,no_match_difficult:difficult,NO_MATCH,,geo:300m,,,35,0.0,"{""phone"": ""UNKNOWN"", ""domain"": ""UNKNOWN"", ""address"": ""UNKNOWN"", ""external_id"": ""UNKNOWN""}",wikidata,Q107232433,St. Mary Church,,,,ext:wikidata=Q107232433,religious_site,osm:node/4779749722,Market Step 1,,,,ext:osm=node/4779749722,unclassified
X71a7c2c5d5,no_match_difficult:difficult,NO_MATCH,different kind of business,geo:300m,,,39,0.0,"{""phone"": ""UNKNOWN"", ""domain"": ""UNKNOWN"", ""address"": ""UNKNOWN"", ""external_id"": ""UNKNOWN""}",wikidata,Q12907852,Kotorska tvrđava,,,,ext:wikidata=Q12907852,monument,osm:node/8123683666,Cattarissimo,,,,ext:osm=node/8123683666,dessert
Xf389ec7243,no_match_difficult:difficult,NO_MATCH,,geo:300m,,,48,0.0,"{""phone"": ""UNKNOWN"", ""domain"": ""UNKNOWN"", ""address"": ""UNKNOWN"", ""external_id"": ""UNKNOWN""}",wikidata,Q136236545,Saint Anne (Kotor),,,,ext:wikidata=Q136236545 ext:osm=way/305641942,religious_site,osm:node/4779749722,Market Step 1,,,,ext:osm=node/4779749722,unclassified
X3e528a56d4,no_match_difficult:difficult,NO_MATCH,different kind of business,geo:300m,,,46,0.0,"{""phone"": ""UNKNOWN"", ""domain"": ""UNKNOWN"", ""address"": ""UNKNOWN"", ""external_id"": ""UNKNOWN""}",wikidata,Q116287103,City beach (Budva),,,,ext:wikidata=Q116287103,beach,osm:node/13716578979,,,,,ext:osm=node/13716578979,souvenir_shop
X7827c555d3,no_match_difficult:difficult,NO_MATCH,different kind of business,geo:300m,,,50,0.0,"{""phone"": ""UNKNOWN"", ""domain"": ""UNKNOWN"", ""address"": ""UNKNOWN"", ""external_id"": ""UNKNOWN""}",wikidata,Q12907852,Kotorska tvrđava,,,,ext:wikidata=Q12907852,monument,osm:node/3103056422,Cesarica,"Pjaca Sv. Luke, Kotor",+38269049733,,ext:osm=node/3103056422,restaurant
Xad5e1682aa,no_match_difficult:difficult,NO_MATCH,different kind of business,geo:300m,,,24,0.0,"{""phone"": ""UNKNOWN"", ""domain"": ""UNKNOWN"", ""address"": ""UNKNOWN"", ""external_id"": ""UNKNOWN""}",wikidata,Q136243274,St. Michael church in Kotor,,,,ext:wikidata=Q136243274,religious_site,osm:node/4552627389,Kino Boka,Pjaca od Kina,,,ext:osm=node/4552627389,cinema
X2948e27e91,no_match_difficult:difficult,NO_MATCH,different kind of business,geo:300m,,,48,0.0,"{""phone"": ""UNKNOWN"", ""domain"": ""UNKNOWN"", ""address"": ""UNKNOWN"", ""external_id"": ""UNKNOWN""}",wikidata,Q136236545,Saint Anne (Kotor),,,,ext:wikidata=Q136236545 ext:osm=way/305641942,religious_site,osm:node/6643602586,Bocalibre,,,,ext:osm=node/6643602586,restaurant
X6e013c6608,no_match_difficult:difficult,NO_MATCH,different kind of business,geo:300m,,,47,0.0,"{""phone"": ""UNKNOWN"", ""domain"": ""UNKNOWN"", ""address"": ""UNKNOWN"", ""external_id"": ""UNKNOWN""}",wikidata,Q966429,Kotorska katedrala,,,https://kotorskabiskupija.me,ext:wikidata=Q966429,religious_site,osm:node/5039175022,Giardino,,,,ext:osm=node/5039175022,restaurant
X3c6761ed4f,no_match_difficult:difficult,NO_MATCH,different kind of business,geo:300m,,,48,0.0,"{""phone"": ""UNKNOWN"", ""domain"": ""UNKNOWN"", ""address"": ""UNKNOWN"", ""external_id"": ""UNKNOWN""}",wikidata,Q116287103,City beach (Budva),,,,ext:wikidata=Q116287103,beach,osm:node/12253427301,Rakia & Wine Bar,Njegoševa 16,,,ext:osm=node/12253427301,bar
X9d9f8f774f,no_match_difficult:difficult,NO_MATCH,,geo:300m,,,0,0.0,"{""phone"": ""UNKNOWN"", ""domain"": ""UNKNOWN"", ""address"": ""UNKNOWN"", ""external_id"": ""UNKNOWN""}",wikidata,Q131345135,Budva Dancer,,,,ext:wikidata=Q131345135,monument,osm:node/777921148,Devojka,,,,ext:osm=node/777921148,unclassified
Xe8d1d146b8,no_match_difficult:difficult,NO_MATCH,different kind of business,geo:300m,,,25,0.0,"{""phone"": ""UNKNOWN"", ""domain"": ""UNKNOWN"", ""address"": ""UNKNOWN"", ""external_id"": ""UNKNOWN""}",wikidata,Q136243274,St. Michael church in Kotor,,,,ext:wikidata=Q136243274,religious_site,osm:node/6491319655,Karampna,,,,ext:osm=node/6491319655,restaurant
X6031be40f7,no_match_difficult:difficult,NO_MATCH,different kind of business,geo:300m,,,35,0.0,"{""phone"": ""UNKNOWN"", ""domain"": ""UNKNOWN"", ""address"": ""UNKNOWN"", ""external_id"": ""UNKNOWN""}",wikidata,Q136243283,Saint Paul (Kotor),,,,ext:wikidata=Q136243283,religious_site,osm:node/3102976406,La Catedral Pasta Bar,"Pjaca od zatvora 340, Kotor",+38269360707,,ext:osm=node/3102976406,restaurant
X23e765fca6,no_match_difficult:difficult,NO_MATCH,different kind of business,geo:300m,,,8,0.0,"{""phone"": ""UNKNOWN"", ""domain"": ""UNKNOWN"", ""address"": ""UNKNOWN"", ""external_id"": ""UNKNOWN""}",wikidata,Q136236545,Saint Anne (Kotor),,,,ext:wikidata=Q136236545 ext:osm=way/305641942,religious_site,osm:node/4382759293,Tina,,,,ext:osm=node/4382759293,souvenir_shop
X4c15c5a04a,no_match_difficult:difficult,NO_MATCH,different kind of business,geo:300m,,,31,0.0,"{""phone"": ""UNKNOWN"", ""domain"": ""UNKNOWN"", ""address"": ""UNKNOWN"", ""external_id"": ""UNKNOWN""}",wikidata,Q65133681,Crkva sv. Ivana Krstitelja u Budvi,,,,ext:wikidata=Q65133681,religious_site,osm:node/5131259521,,,,,ext:osm=node/5131259521,viewpoint
X03608a9e87,no_match_difficult:difficult,NO_MATCH,different kind of business,geo:300m,,,49,0.0,"{""phone"": ""UNKNOWN"", ""domain"": ""UNKNOWN"", ""address"": ""UNKNOWN"", ""external_id"": ""UNKNOWN""}",wikidata,Q12907852,Kotorska tvrđava,,,,ext:wikidata=Q12907852,monument,osm:node/9282711887,,,,,ext:osm=node/9282711887,atm
X033bf206aa,no_match_difficult:difficult,NO_MATCH,different kind of business,geo:300m,,,40,0.0,"{""phone"": ""UNKNOWN"", ""domain"": ""UNKNOWN"", ""address"": ""UNKNOWN"", ""external_id"": ""UNKNOWN""}",wikidata,Q11742529,Church of St. Ivan,,,,ext:wikidata=Q11742529,religious_site,osm:node/6728496687,Sailor Cattaro,,,,ext:osm=node/6728496687,souvenir_shop
X5bfbd8619c,no_match_difficult:difficult,NO_MATCH,different kind of business,geo:300m,,,21,0.0,"{""phone"": ""UNKNOWN"", ""domain"": ""UNKNOWN"", ""address"": ""UNKNOWN"", ""external_id"": ""UNKNOWN""}",wikidata,Q136236545,Saint Anne (Kotor),,,,ext:wikidata=Q136236545 ext:osm=way/305641942,religious_site,osm:node/14065955154,Montecristo,,,,ext:osm=node/14065955154,restaurant
X0d12ae162a,no_match_difficult:difficult,NO_MATCH,different kind of business,geo:300m,,,28,0.0,"{""phone"": ""UNKNOWN"", ""domain"": ""UNKNOWN"", ""address"": ""UNKNOWN"", ""external_id"": ""UNKNOWN""}",wikidata,Q12907852,Kotorska tvrđava,,,,ext:wikidata=Q12907852,monument,osm:node/6004839687,Pier 65,,,,ext:osm=node/6004839687,bar
Xa75e9d372a,no_match_difficult:difficult,NO_MATCH,different kind of business,geo:300m,,,31,0.0,"{""phone"": ""UNKNOWN"", ""domain"": ""UNKNOWN"", ""address"": ""UNKNOWN"", ""external_id"": ""UNKNOWN""}",wikidata,Q966429,Kotorska katedrala,,,https://kotorskabiskupija.me,ext:wikidata=Q966429,religious_site,osm:node/9282711887,,,,,ext:osm=node/9282711887,atm
