kind,source,id,name,value_or_raw,conflicting,cause,notes
unparsed,osm,node/2980306689,Marina,closed,,,
unparsed,osm,node/3503321474,Museum Maritimum,"Mo-Fr 08:00-18:00; Sa,Su,PH 09:00-18:00",,,
unparsed,osm,node/4375283795,,07:00-24:00,,,
unparsed,osm,node/4405487689,IDEA,Mo-Sa 07:30-23:00; Su off; PH off,,,
unparsed,osm,node/4469659300,Prva banka CG,"Mo-Fr 08:00-20:00, Sa 08:00-15:00",,,
unparsed,osm,node/4494753753,Sandrela fast food,"Mo-Su,PH 07:00-22:00",,,
unparsed,osm,node/5376068125,,Mo-Sa 07:00-21:00; PH closed,,,
unparsed,osm,node/6497630886,La Roche,"PH,Mo-Su 07:00-23:00",,,
unparsed,osm,node/6555498242,Dobrotski Dvori,09:00-22:00,,,
unparsed,osm,node/6601702286,Cafe Rivas,07:00-01:00; Dec-Feb 07:00-24:00,,,
unparsed,osm,node/6656188411,Pržun,09:00-23:30,,,
unparsed,osm,node/6808737786,Kotorska suvenirnica,"Mo-Su,PH 09:00-22:00",,,
unparsed,osm,node/6877564885,Konoba Bonazza,08:00-24:00,,,
unparsed,osm,node/8596162417,,Mo-Fr 07:00-20:00; Sa 08:00-18:00; PH closed,,,
unparsed,osm,node/9169307117,Vrmac,06:00-24:00,,,
unparsed,osm,node/9976549280,Green Story,Mo-Sa 07:30-21:00; PH unknown,,,
unparsed,osm,node/10688183406,Sol,08:00-24:00,,,
unparsed,osm,node/10936937949,Platanus,07:00-01:00,,,
unparsed,osm,node/10989489538,Pepe Nero,08:00-24:00,,,
unparsed,osm,node/11885000540,Nama,09:00-24:00,,,
unparsed,osm,node/11885000544,Кафетерија,07:00-22:00,,,
unparsed,osm,node/11929111872,Moja Pekara (Kamp),"Mo-Su,PH 07:00-21:00",,,
unparsed,osm,node/11945130420,5 Market,Mo-Sa 06:00-21:00; PH closed,,,
unparsed,osm,node/12170633323,CAVE coffee,07:30-20:00,,,
unparsed,osm,node/12390134753,Luža,11:00-24:00,,,
unparsed,osm,node/12869492601,Turist Info Point Gurdić,08:00-20:00,,,
unparsed,osm,node/12869492801,Pizza Primo,09:00-01:00,,,
unparsed,osm,node/12869493001,Patisserie,08:30-22:00,,,
unparsed,osm,node/12869493003,The Nitrox,10:00-24:00,,,
unparsed,osm,node/13068197336,Laki,07:00-23:00,,,
unparsed,osm,node/13241431350,Bajkovic,08:00-17:00,,,
unparsed,osm,node/13705036000,Moritz,11:00-19:00,,,
unparsed,osm,way/146404591,Gradska pijaca - Markat,08:00-17:00,,,
unparsed,osm,way/632228905,Restaurant Galia,08:00-22:00,,,
unparsed,osm,way/1080016252,Voli,"Mo-Sa 07:30-21:30; Su,PH off",,,
unparsed,osm,node/1738476935,Restoran Kralj,"Mo-Su,PH 08:00-24:00",,,
unparsed,osm,node/3719993685,Citadela,09:00-24:00,,,
unparsed,osm,node/3783390654,Atlantic,12:00-23:00,,,
unparsed,osm,node/4257763990,Rivijera,11:00-24:00,,,
unparsed,osm,node/4263019589,Pod Murvom,08:00-23:00,,,
unparsed,osm,node/4295516791,Adriatic,07:00-24:00,,,
unparsed,osm,node/4824773721,BURA,"Tu-Th,Su 14:00-24:00, Fr-Su 14:00-01:00",,,
unparsed,osm,node/4915144723,Дружба,closed,,,
unparsed,osm,node/4915144823,My Place Pub,closed,,,
unparsed,osm,node/5069796739,"Grill Bašta ""Stefan""",7:00-24:00,,,
unparsed,osm,node/5133537825,El Gusto International,08:00-23:00,,,
unparsed,osm,node/5395312221,City Market,Mo-Sa 07:00-22:00; PH off,,,
unparsed,osm,node/5629956826,Time Out Beach,07:00-01:00,,,
unparsed,osm,node/5763536154,Mac doo budva,closed,,,
unparsed,osm,node/6578569386,Help,Sep-May Mo-Sa 08:00-21:00; Sep-May Su 09:00-16:00; Jun-Aug: Mo-Su 08:00-22:00,,,
unparsed,osm,node/6728496687,Sailor Cattaro,09:00-21:00,,,
unparsed,osm,node/9152787517,Good food,06:00-22:00,,,
unparsed,osm,node/9698274600,Torch,"Mo-Fr 07:00-01:00, Sa,Su 07:00-02:00",,,
unparsed,osm,node/9791419692,Mega Market,"Mo-Sa 07:00-22:00; Su,PH off",,,
unparsed,osm,node/9792761602,MM Market,Mo-Sa 07:00-24:00; PH off,,,
unparsed,osm,node/9792761605,Pekara Cani 2,06:00-23:00,,,
unparsed,osm,node/10063672237,Gradski bedemi,12:00-18:00,,,
unparsed,osm,node/10570623867,Oliva coffe,"Mo-Fr 07:00-20:00, Sa-Su 08:00-21:00",,,
unparsed,osm,node/11756705518,Mašta Bašta Coffee Bar,"""closed""",,,
unparsed,osm,node/11985391869,Punta Konoba,12:00-23:00,,,
unparsed,osm,node/12261002773,Astoria,08:00-23:00,,,
unparsed,osm,node/13197500001,Caffe Fiorino,09:00-20:00,,,
unparsed,osm,node/13230533524,Moj Kiosk,09:00-24:00,,,
unparsed,osm,node/13236749596,Burger King,Winter 10:00-24:00; summer 10:00-02:00,,,
unparsed,osm,node/13694691349,Old Town Bakery,09:00-01:00,,,
unparsed,osm,node/13707379913,,09:00-23:00,,,
unparsed,osm,node/13707379918,Magic Stone,13:00-18:00,,,
unparsed,osm,node/13707992103,So Local,08:00-23:00 winter; 08:00-24:00 summer,,,
unparsed,osm,way/183791595,Dom zdravlja,19:00-21:00,,,
unparsed,osm,way/233680139,HAWAll,off season closed,,,
unparsed,osm,way/1263757774,Captain Morgan,off season closed,,,
