source,a_id,a_name,b_id,b_name,distance_m,name_similarity,a_category,b_category,label,notes
osm,node/2176000179,Tutti Santi,way/1365951079,Tutti Santi Church,1,1.0,religious_site,religious_site,,
osm,node/2980152558,Kalardovo,way/252349862,Kalardovo,51,1.0,restaurant,beach,,
osm,node/3103064430,Ombra,node/3102976412,Ombra,27,1.0,cafe,cafe,,
osm,node/4341925390,Marius,way/436325178,Konoba Marius,25,1.0,restaurant,restaurant,,
osm,node/4546782690,BOKUN,node/6656178403,Bokun,6,1.0,bar,restaurant,,
osm,node/4552079998,Authentic pub Bandera,node/12869493301,'Authentic Pub Bandiera',13,1.0,pub,pub,,
osm,node/4552591891,Hipotekarna banka,node/4551441790,Hipotekarna banka,44,1.0,atm,bank,,
osm,node/5849815885,Rosa Style,node/10911037426,Rosa style,27,1.0,souvenir_shop,souvenir_shop,,
osm,node/6491319655,Karampna,node/3103998903,Karampana,18,1.0,restaurant,unclassified,,
osm,node/6601702286,Cafe Rivas,node/2790723758,Riva`s,13,1.0,cafe,cafe,,
osm,node/6601702286,Cafe Rivas,node/12067076819,Apoteka Riva,93,1.0,cafe,pharmacy,,
osm,node/6656178124,Galerija Nives,node/13319614401,Galerija nives,3,1.0,souvenir_shop,gallery,,
osm,node/6656178567,Efesya,node/6656188416,Efesya,7,1.0,souvenir_shop,souvenir_shop,,
osm,node/11110512184,Adriatic Bank,node/11110512185,Adriatic Bank,3,1.0,atm,bank,,
osm,node/12192307201,NLB Banka,node/4553817092,NLB,83,1.0,bank,bank,,
osm,way/167167814,Kamelija,way/167167782,Kamelija,70,1.0,car_park,shopping_center,,
osm,way/236429136,Tiha Noc,node/10942109360,Tiha Noć,6,1.0,restaurant,restaurant,,
osm,way/363908315,Premier Plaza,way/363908316,Premier Plaza,39,1.0,restaurant,beach,,
osm,way/1341790943,Batterie Alt Škaljari / Stare baterije Škaljari,way/1341790944,Batterie Alt Škaljari / Stare baterije Škaljari,46,1.0,historic_site,historic_site,,
osm,node/2262750671,Osteria Gigo,node/5271905122,Osteria Gigo,11,1.0,bakery,cafe,,
osm,node/5103673323,Mercur,node/4407539291,Mercur,52,1.0,restaurant,restaurant,,
osm,node/5181350722,Crkva Svetog Save,way/1328745913,Crkva Svetog Save,4,1.0,religious_site,religious_site,,
osm,node/7935273885,ПЛЯЖ ПРЖНО,way/128448274,Pržno,34,1.0,restaurant,beach,,
osm,node/7950605185,Zeleni krš,node/11599100718,Zeleni krš,28,1.0,unclassified,unclassified,,
osm,node/9675794017,Coco,way/1368743835,Coco,13,1.0,restaurant,cafe,,
osm,node/9698274600,Torch,way/234291946,Torch Beach Club,7,1.0,restaurant,bar,,
osm,node/11985391869,Punta Konoba,node/13716096392,Punta,11,1.0,restaurant,restaurant,,
osm,node/12258231033,Црква Санта Мариа ин Пунта,way/1358520809,Santa Maria in Punta,2,0.889,unclassified,religious_site,,
osm,node/13154032491,Tiffany,node/13155015420,Tiffany,0,1.0,restaurant,restaurant,,
osm,node/13694691349,Old Town Bakery,node/4323928690,Old Town Pub,44,1.0,bakery,pub,,
osm,way/113573073,Autobuska Stanica Budva,way/502737874,Autobuska stanica Budva,17,1.0,bus_station,bus_station,,
osm,way/161896444,Citadela,node/3719993685,Citadela,10,1.0,historic_site,cafe,,
osm,way/686459567,Konoba Stari Grad,node/6936486985,Stari grad,84,1.0,bar,historic_site,,
osm,way/686459567,Konoba Stari Grad,node/5105269727,Konoba Stari Grad,27,1.0,bar,restaurant,,
osm,way/1167985089,Coco,node/9675794017,Coco,12,1.0,cafe,restaurant,,
osm,way/1167985089,Coco,way/1368743835,Coco,13,1.0,cafe,cafe,,
